{
    "pools": [
        {
            "poolId": 112,
            "name": "Foundry USA",
            "link": "https://foundrydigital.com",
            "blockCount": 323,
            "rank": 1,
            "emptyBlocks": 0,
            "slug": "foundryusa",
            "avgMatchRate": 99.96,
            "avgFeeDelta": "-0.01971455",
            "poolUniqueId": 111
        },
        {
            "poolId": 45,
            "name": "AntPool",
            "link": "https://www.antpool.com",
            "blockCount": 171,
            "rank": 2,
            "emptyBlocks": 0,
            "slug": "antpool",
            "avgMatchRate": 99.99,
            "avgFeeDelta": "-0.04227368",
            "poolUniqueId": 44
        },
        {
            "poolId": 74,
            "name": "ViaBTC",
            "link": "https://viabtc.com",
            "blockCount": 166,
            "rank": 3,
            "emptyBlocks": 0,
            "slug": "viabtc",
            "avgMatchRate": 99.99,
            "avgFeeDelta": "-0.02530964",
            "poolUniqueId": 73
        },
        {
            "poolId": 37,
            "name": "F2Pool",
            "link": "https://www.f2pool.com",
            "blockCount": 104,
            "rank": 4,
            "emptyBlocks": 0,
            "slug": "f2pool",
            "avgMatchRate": 99.99,
            "avgFeeDelta": "-0.03299327",
            "poolUniqueId": 36
        },
        {
            "poolId": 116,
            "name": "MARA Pool",
            "link": "https://marapool.com",
            "blockCount": 66,
            "rank": 5,
            "emptyBlocks": 0,
            "slug": "marapool",
            "avgMatchRate": 99.97,
            "avgFeeDelta": "0.02366061",
            "poolUniqueId": 115
        },
        {
            "poolId": 103,
            "name": "SpiderPool",
            "link": "https://www.spiderpool.com",
            "blockCount": 46,
            "rank": 6,
            "emptyBlocks": 1,
            "slug": "spiderpool",
            "avgMatchRate": 97.82,
            "avgFeeDelta": "-0.07258913",
            "poolUniqueId": 102
        },
        {
            "poolId": 142,
            "name": "SECPOOL",
            "link": "https://www.secpool.com",
            "blockCount": 30,
            "rank": 7,
            "emptyBlocks": 1,
            "slug": "secpool",
            "avgMatchRate": 96.67,
            "avgFeeDelta": "-0.06596000",
            "poolUniqueId": 141
        },
        {
            "poolId": 106,
            "name": "Binance Pool",
            "link": "https://pool.binance.com",
            "blockCount": 28,
            "rank": 8,
            "emptyBlocks": 0,
            "slug": "binancepool",
            "avgMatchRate": 99.99,
            "avgFeeDelta": "-0.05834286",
            "poolUniqueId": 105
        },
        {
            "poolId": 5,
            "name": "Luxor",
            "link": "https://mining.luxor.tech",
            "blockCount": 28,
            "rank": 9,
            "emptyBlocks": 0,
            "slug": "luxor",
            "avgMatchRate": 100,
            "avgFeeDelta": "-0.05496071",
            "poolUniqueId": 4
        },
        {
            "poolId": 143,
            "name": "OCEAN",
            "link": "https://ocean.xyz/",
            "blockCount": 12,
            "rank": 10,
            "emptyBlocks": 0,
            "slug": "ocean",
            "avgMatchRate": 91.9,
            "avgFeeDelta": "-0.14650833",
            "poolUniqueId": 142
        },
        {
            "poolId": 44,
            "name": "Braiins Pool",
            "link": "https://braiins.com/pool",
            "blockCount": 12,
            "rank": 11,
            "emptyBlocks": 0,
            "slug": "braiinspool",
            "avgMatchRate": 100,
            "avgFeeDelta": "-0.03553333",
            "poolUniqueId": 43
        },
        {
            "poolId": 113,
            "name": "SBI Crypto",
            "link": "https://sbicrypto.com",
            "blockCount": 8,
            "rank": 12,
            "emptyBlocks": 0,
            "slug": "sbicrypto",
            "avgMatchRate": 98.65,
            "avgFeeDelta": "-0.04246250",
            "poolUniqueId": 112
        },
        {
            "poolId": 152,
            "name": "Carbon Negative",
            "link": "https://github.com/bitcoin-data/mining-pools/issues/48",
            "blockCount": 7,
            "rank": 13,
            "emptyBlocks": 0,
            "slug": "carbonnegative",
            "avgMatchRate": 99.75,
            "avgFeeDelta": "-0.04407143",
            "poolUniqueId": 151
        },
        {
            "poolId": 7,
            "name": "BTC.com",
            "link": "https://pool.btc.com",
            "blockCount": 5,
            "rank": 14,
            "emptyBlocks": 0,
            "slug": "btccom",
            "avgMatchRate": 99.98,
            "avgFeeDelta": "-0.02496000",
            "poolUniqueId": 6
        },
        {
            "poolId": 162,
            "name": "Mining Squared",
            "link": "https://pool.bsquared.network/",
            "blockCount": 4,
            "rank": 15,
            "emptyBlocks": 0,
            "slug": "miningsquared",
            "avgMatchRate": 100,
            "avgFeeDelta": "-0.00915000",
            "poolUniqueId": 161
        },
        {
            "poolId": 95,
            "name": "Poolin",
            "link": "https://www.poolin.com",
            "blockCount": 4,
            "rank": 16,
            "emptyBlocks": 0,
            "slug": "poolin",
            "avgMatchRate": 100,
            "avgFeeDelta": "-0.26485000",
            "poolUniqueId": 94
        },
        {
            "poolId": 1,
            "name": "Unknown",
            "link": "https://learnmeabitcoin.com/technical/coinbase-transaction",
            "blockCount": 4,
            "rank": 17,
            "emptyBlocks": 0,
            "slug": "unknown",
            "avgMatchRate": 100,
            "avgFeeDelta": "-0.06490000",
            "poolUniqueId": 0
        },
        {
            "poolId": 144,
            "name": "WhitePool",
            "link": "https://whitebit.com/mining-pool",
            "blockCount": 3,
            "rank": 18,
            "emptyBlocks": 0,
            "slug": "whitepool",
            "avgMatchRate": 100,
            "avgFeeDelta": "-0.01293333",
            "poolUniqueId": 143
        },
        {
            "poolId": 3,
            "name": "ULTIMUSPOOL",
            "link": "https://www.ultimuspool.com",
            "blockCount": 1,
            "rank": 19,
            "emptyBlocks": 0,
            "slug": "ultimuspool",
            "avgMatchRate": 100,
            "avgFeeDelta": "-0.16130000",
            "poolUniqueId": 2
        },
        {
            "poolId": 50,
            "name": "Solo CK",
            "link": "https://solo.ckpool.org",
            "blockCount": 1,
            "rank": 20,
            "emptyBlocks": 0,
            "slug": "solock",
            "avgMatchRate": 100,
            "avgFeeDelta": "-0.01510000",
            "poolUniqueId": 49
        },
        {
            "poolId": 158,
            "name": "BitFuFuPool",
            "link": "https://www.bitfufu.com/pool",
            "blockCount": 1,
            "rank": 21,
            "emptyBlocks": 0,
            "slug": "bitfufupool",
            "avgMatchRate": 100,
            "avgFeeDelta": "-0.01630000",
            "poolUniqueId": 157
        }
    ],
    "blockCount": 1024,
    "lastEstimatedHashrate": 786391245138648900000,
    "lastEstimatedHashrate3d": 797683179385121300000,
    "lastEstimatedHashrate1w": 827836055441520300000
}