{
  "TESTNET_ENABLED": false,
  "TESTNET4_ENABLED": false,
  "SIGNET_ENABLED": false,
  "LIQUID_ENABLED": false,
  "LIQUID_TESTNET_ENABLED": false,
  "MAINNET_ENABLED": true,
  "ITEMS_PER_PAGE": 10,
  "KEEP_BLOCKS_AMOUNT": 8,
  "NGINX_PROTOCOL": "http",
  "NGINX_HOSTNAME": "127.0.0.1",
  "NGINX_PORT": "80",
  "BLOCK_WEIGHT_UNITS": 4000000,
  "MEMPOOL_BLOCKS_AMOUNT": 8,
  "BASE_MODULE": "mempool",
  "ROOT_NETWORK": "",
  "MEMPOOL_WEBSITE_URL": "https://mempool.space",
  "LIQUID_WEBSITE_URL": "https://liquid.network",
  "MINING_DASHBOARD": true,
  "AUDIT": false,
  "MAINNET_BLOCK_AUDIT_START_HEIGHT": 0,
  "TESTNET_BLOCK_AUDIT_START_HEIGHT": 0,
  "SIGNET_BLOCK_AUDIT_START_HEIGHT": 0,
  "LIGHTNING": false,
  "HISTORICAL_PRICE": true,
  "ADDITIONAL_CURRENCIES": false,
  "ACCELERATOR": false,
  "ACCELERATOR_BUTTON": true,
  "PUBLIC_ACCELERATIONS": false,
  "STRATUM_ENABLED": false,
  "SERVICES_API": "https://mempool.space/api/v1/services"
}
